<?xml version="1.0" encoding="utf-8"?>
<resources>
    <attr name="SeletedPicturePaddingRight" format="dimension" />
    <attr name="TokenTextViewStyle" format="reference" />
    <attr name="actionBarGlyphColor" format="color" />
    <attr name="actionBarSearchStyle" format="reference" />
    <attr name="actionBarShadowVisibility" format="integer" />
    <attr name="actionBarTextButtonStyle" format="reference" />
    <attr name="actionBarTextCapitalize" format="boolean" />
    <attr name="actionBarTitleActionableTextColor" format="color" />
    <attr name="actionBarTitleStyle" format="reference" />
    <attr name="actionBarTitleTextColor" format="color" />
    <attr name="active" format="color" />
    <attr name="activeColor" format="color" />
    <attr name="activeStrokeWidth" format="dimension" />
    <attr name="active_alpha" format="integer" min="0" max="255" />
    <attr name="activityAvatar" format="dimension" />
    <attr name="activityAvatarReelRing" format="dimension" />
    <attr name="activityAvatarRing" format="dimension" />
    <attr name="activityBadgeIconLargeMargin" format="dimension" />
    <attr name="activityBadgeIconSmallMargin" format="dimension" />
    <attr name="activityBoldText" format="reference" />
    <attr name="activityMultiMediaRowLeftMargin" format="dimension" />
    <attr name="activityPadding" format="dimension" />
    <attr name="activityPaddingMedium" format="dimension" />
    <attr name="activityPaddingSmall" format="dimension" />
    <attr name="activityRowHeight" format="reference" />
    <attr name="activityRowIcon" format="dimension" />
    <attr name="activityRowIconLarge" format="dimension" />
    <attr name="activityRowPadding" format="dimension" />
    <attr name="activityStackedAvatar" format="dimension" />
    <attr name="activityTitleText" format="reference" />
    <attr name="activityUserDetails" format="reference" />
    <attr name="activityUserInfo" format="reference" />
    <attr name="alertDialogButtonGroupStyle" format="reference" />
    <attr name="alertDialogCenterButtons" format="boolean" />
    <attr name="alertDialogStyle" format="reference" />
    <attr name="alertDialogTheme" format="reference" />
    <attr name="alignment">
        <enum name="left" value="0" />
        <enum name="right" value="1" />
    </attr>
    <attr name="allowTextSelection" format="boolean" />
    <attr name="angle">
        <enum name="cw_0" value="0" />
        <enum name="cw_180" value="180" />
        <enum name="cw_270" value="270" />
        <enum name="cw_90" value="90" />
    </attr>
    <attr name="animationEnabled" format="boolean" />
    <attr name="animationMaxTime" format="integer" />
    <attr name="animationSpeed" format="integer" />
    <attr name="appName" format="reference|string" />
    <attr name="arrowAngle" format="float" />
    <attr name="arrowColour" format="color" />
    <attr name="arrowHeadEdgeLength" format="dimension" />
    <attr name="arrowLength" format="dimension" />
    <attr name="arrowThickness" format="dimension" />
    <attr name="aspect" format="float" />
    <attr name="auto_start" format="boolean" />
    <attr name="avatarSize" format="dimension" />
    <attr name="avatarWidth" format="dimension" />
    <attr name="backgroundColor" format="color" />
    <attr name="backgroundColorHighlight" format="color" />
    <attr name="backgroundColorHighlightPressed" format="color" />
    <attr name="backgroundColorPrimary" format="color" />
    <attr name="backgroundColorPrimaryDark" format="color" />
    <attr name="backgroundColorSecondary" format="color" />
    <attr name="backgroundColour" format="color" />
    <attr name="backgroundDrawable" format="reference" />
    <attr name="backgroundNotificationBadge" format="reference" />
    <attr name="backgroundUnseenDrawable" format="reference" />
    <attr name="badgeIndicatorBackgroundDrawable" format="reference" />
    <attr name="barImage" format="reference" />
    <attr name="base_alpha" format="float" />
    <attr name="below" format="boolean" />
    <attr name="body" format="reference" />
    <attr name="bodyDetail" format="reference" />
    <attr name="bodyEmphasized" format="reference" />
    <attr name="bodyLink" format="reference" />
    <attr name="boldAllLinks" format="boolean" />
    <attr name="borderColor" format="color" />
    <attr name="borderDrawable" format="reference" />
    <attr name="borderSize" format="reference|dimension" />
    <attr name="bottomBright" format="reference|color" />
    <attr name="bottomDark" format="reference|color" />
    <attr name="bottomMedium" format="reference|color" />
    <attr name="bottom_spacing" format="dimension" />
    <attr name="browserActionBarForegroundPressedColor" format="color" />
    <attr name="buttonColor" format="reference" />
    <attr name="buttonImage" format="reference" />
    <attr name="buttonPrimary" format="reference" />
    <attr name="buttonPrimaryInverse" format="reference" />
    <attr name="buttonSecondary" format="reference" />
    <attr name="buttonSecondaryInverse" format="reference" />
    <attr name="buttonSize" format="reference">
        <enum name="icon_only" value="2" />
        <enum name="standard" value="0" />
        <enum name="wide" value="1" />
    </attr>
    <attr name="buttonText" format="reference|string" />
    <attr name="buttonUpdatable" format="reference" />
    <attr name="buttonUpdatableInverse" format="reference" />
    <attr name="button_collapse_width_reduction" format="dimension" />
    <attr name="button_stroke_width" format="dimension" />
    <attr name="cameraButtonStyle" format="reference" />
    <attr name="canAccessSelfProfile" format="boolean" />
    <attr name="capitalize" format="boolean" />
    <attr name="captureCamcorderBlinkerColor" format="color" />
    <attr name="captureCamcorderInnerRing" format="color" />
    <attr name="captureCamcorderInnerRingDisable" format="color" />
    <attr name="captureCamcorderInnerRingPressed" format="color" />
    <attr name="captureCamcorderOuterRing" format="color" />
    <attr name="captureCamcorderOuterRingDisable" format="color" />
    <attr name="captureCamcorderOuterRingPressed" format="color" />
    <attr name="captureCamcorderProgressActiveDrawable" format="reference" />
    <attr name="captureCamcorderProgressDrawable" format="reference" />
    <attr name="captureCameraInnerRing" format="color" />
    <attr name="captureCameraInnerRingPressed" format="color" />
    <attr name="captureCameraOuterRing" format="color" />
    <attr name="captureCameraOuterRingPressed" format="color" />
    <attr name="captureDeleteGlyphColor" format="color" />
    <attr name="captureDeleteGlyphPressedColor" format="color" />
    <attr name="captureDeleteTextColor" format="color" />
    <attr name="captureStrokeRing" format="color" />
    <attr name="captureStyle" format="reference" />
    <attr name="centerBright" format="reference|color" />
    <attr name="centerColor" format="reference|string|integer|boolean|color|float|dimension|fraction" />
    <attr name="centerDark" format="reference|color" />
    <attr name="centerMedium" format="reference|color" />
    <attr name="checkedDrawable" format="reference" />
    <attr name="circleCrop" format="boolean" />
    <attr name="circleRadius" format="dimension" />
    <attr name="circleShadowCenterColour" format="color" />
    <attr name="circleShadowRadius" format="float" />
    <attr name="circleSpacing" format="dimension" />
    <attr name="circle_padding" format="dimension" />
    <attr name="circle_stroke_width" format="dimension" />
    <attr name="circularImageView" format="boolean" />
    <attr name="clearActionBarForegroundPressedColor" format="color" />
    <attr name="clearTextEnabled" format="boolean" />
    <attr name="clipBackground" format="reference" />
    <attr name="clipBackgroundSoftDelete" format="reference" />
    <attr name="collapsed_icon" format="reference" />
    <attr name="colorFilter" format="reference|color" />
    <attr name="colorIndicatorRadius" format="dimension" />
    <attr name="colorScheme" format="reference">
        <enum name="auto" value="2" />
        <enum name="dark" value="0" />
        <enum name="light" value="1" />
    </attr>
    <attr name="confirmation_icon" format="reference" />
    <attr name="constraintSet" format="reference" />
    <attr name="contactRowHeight" format="dimension" />
    <attr name="content_layout" format="reference" />
    <attr name="contextualFeedTitleStyle" format="color" />
    <attr name="cornerRadius" format="dimension" />
    <attr name="countryCodeTextBold" format="boolean" />
    <attr name="countryCodeTextColor" format="color" />
    <attr name="creationAdjustDrawable" format="reference" />
    <attr name="creationAvatar" format="reference" />
    <attr name="creationBrightnessDrawable" format="reference" />
    <attr name="creationContrastDrawable" format="reference" />
    <attr name="creationDividerColor" format="color" />
    <attr name="creationDraggableBorderDrawable" format="reference" />
    <attr name="creationFadeDrawable" format="reference" />
    <attr name="creationFilterText" format="reference" />
    <attr name="creationFootnote" format="reference" />
    <attr name="creationGlyphColor" format="color" />
    <attr name="creationHighlightsDrawable" format="reference" />
    <attr name="creationLegacyPadding" format="dimension" />
    <attr name="creationMetadataThumbnail" format="reference" />
    <attr name="creationMetadataUserAvatar" format="reference" />
    <attr name="creationPadding" format="dimension" />
    <attr name="creationPaddingRedesign" format="dimension" />
    <attr name="creationPrimaryBackground" format="reference" />
    <attr name="creationPrimaryBackgroundTop" format="reference" />
    <attr name="creationQuaternaryBackground" format="reference" />
    <attr name="creationRowHeight" format="dimension" />
    <attr name="creationRowHeightLarge" format="dimension" />
    <attr name="creationRowHeightSmall" format="dimension" />
    <attr name="creationRowPadding" format="reference" />
    <attr name="creationSaturationDrawable" format="reference" />
    <attr name="creationSecondaryBackground" format="reference" />
    <attr name="creationSectionText" format="reference" />
    <attr name="creationShadowsDrawable" format="reference" />
    <attr name="creationSharpenDrawable" format="reference" />
    <attr name="creationSpinnerBackground" format="reference" />
    <attr name="creationSpinnerTextBackground" format="reference" />
    <attr name="creationSpinnerTextColor" format="reference" />
    <attr name="creationStructureDrawable" format="reference" />
    <attr name="creationSubTitleText" format="reference" />
    <attr name="creationTagIcon" format="reference" />
    <attr name="creationTertiaryBackground" format="reference" />
    <attr name="creationTextColor" format="color" />
    <attr name="creationTiltShiftDrawable" format="reference" />
    <attr name="creationTintDrawable" format="reference" />
    <attr name="creationTitleText" format="reference" />
    <attr name="creationVignetteDrawable" format="reference" />
    <attr name="creationWarmthDrawable" format="reference" />
    <attr name="cropHighlightBackground" format="color" />
    <attr name="customToastViewStyle" format="reference" />
    <attr name="dark" format="boolean" />
    <attr name="defaultActionBarBackIcon" format="reference" />
    <attr name="defaultActionBarBackground" format="reference" />
    <attr name="defaultActionBarForegroundPressedColor" format="color" />
    <attr name="defaultDividerStyle" format="reference" />
    <attr name="defaultNotificationIcon" format="reference" />
    <attr name="defaultSpinnerStyle" format="reference" />
    <attr name="defaultSubtitle" format="string" />
    <attr name="defaultTitle" format="string" />
    <attr name="default_colour" format="color" />
    <attr name="default_stroke_width" format="dimension" />
    <attr name="density" format="integer" />
    <attr name="descendantWithErrorBackground" format="reference" />
    <attr name="directCameraComposerGradientTintEnabled" format="reference|boolean" />
    <attr name="directCameraControlsAtTop" format="boolean" />
    <attr name="directCameraFormatPickerCenterAligned" format="boolean" />
    <attr name="directCameraTextModeGradientsEnabled" format="boolean" />
    <attr name="directEphemeralReplyPillIcon" format="reference" />
    <attr name="directGradientEnd" format="reference|color" />
    <attr name="directGradientStart" format="reference|color" />
    <attr name="directInboxActionBarCameraShortcutEnabled" format="boolean" />
    <attr name="directInboxEmptyStateDetailedEnabled" format="boolean" />
    <attr name="directInboxFabBackground" format="reference" />
    <attr name="directInboxFabEnabled" format="boolean" />
    <attr name="directInboxFooterButtonType">
        <enum name="camera" value="1" />
        <enum name="none" value="2" />
    </attr>
    <attr name="directInboxIgAppDeepLinkIconEnabled" format="boolean" />
    <attr name="directInboxInlineCameraTintColor" format="reference" />
    <attr name="directInboxSelfUpdateMegaphoneEligible" format="boolean" />
    <attr name="directInboxTopRightButtonDrawable" format="reference" />
    <attr name="directInboxUnseenDotEnabled" format="boolean" />
    <attr name="directInboxUnseenEphemeralMessageIndicator" format="reference" />
    <attr name="directOptionsContainerRightPadding" format="dimension" />
    <attr name="directOptionsReplyButtonPadding" format="dimension" />
    <attr name="directPaletteColor0" format="reference|color" />
    <attr name="directPaletteColor1" format="reference|color" />
    <attr name="directPaletteColor2" format="reference|color" />
    <attr name="directPaletteColor3" format="reference|color" />
    <attr name="directPaletteColor4" format="reference|color" />
    <attr name="directPaletteColor5" format="reference|color" />
    <attr name="directPaletteColor6" format="reference|color" />
    <attr name="directPaletteColor7" format="reference|color" />
    <attr name="directPaletteColor8" format="reference|color" />
    <attr name="directPaletteColor9" format="reference|color" />
    <attr name="directPaletteGradientDrawable" format="reference" />
    <attr name="directPaletteGradientSelector" format="reference" />
    <attr name="directPreferFullnames" format="boolean" />
    <attr name="directPresenceLargeBubbleColor" format="reference|color" />
    <attr name="directPresenceSmallBubbleColor" format="reference|color" />
    <attr name="directRightPadding" format="dimension" />
    <attr name="directRingGradientColor1" format="reference|color" />
    <attr name="directRingGradientColor2" format="reference|color" />
    <attr name="directRingGradientColor3" format="reference|color" />
    <attr name="directRingGradientColor4" format="reference|color" />
    <attr name="directRingGradientColor5" format="reference|color" />
    <attr name="directRoundedBubbleBackground" format="reference" />
    <attr name="directRoundedBubbleSelector" format="reference" />
    <attr name="directRowAvatar" format="reference" />
    <attr name="directRowHeight" format="reference" />
    <attr name="directRowLargeHeight" format="reference" />
    <attr name="directRowPadding" format="reference" />
    <attr name="directRowTimeStamp" format="reference" />
    <attr name="directRowUserInfo" format="reference" />
    <attr name="directRowUserName" format="reference" />
    <attr name="directSearchInActionBar" format="boolean" />
    <attr name="directTextColorSelector" format="reference" />
    <attr name="directUploadButtonBackground" format="reference" />
    <attr name="directUploadButtonForeground" format="reference" />
    <attr name="directUploadButtonForegroundPressed" format="reference" />
    <attr name="directViewModesNuxAllowed" format="boolean" />
    <attr name="directVisualMessageShareSheetCheckBoxGradientEnabled" format="boolean" />
    <attr name="directVisualMessageThumbnailMask" format="reference" />
    <attr name="direction">
        <enum name="north" value="0" />
        <enum name="south" value="1" />
    </attr>
    <attr name="disabledColor" format="color" />
    <attr name="disabled_alpha" format="integer" min="0" max="255" />
    <attr name="dismissableText" format="string" />
    <attr name="dividerColor" format="color" />
    <attr name="doubleAvatarGradientRingSidePadding" format="dimension" />
    <attr name="doubleAvatarGradientRingSize" format="dimension" />
    <attr name="doubleAvatarHorizontalMargin" format="dimension" />
    <attr name="doubleAvatarSize" format="dimension" />
    <attr name="double_layered" format="boolean" />
    <attr name="drawable" format="reference" />
    <attr name="drawingview_stroke_color" format="color" />
    <attr name="drawingview_stroke_width" format="dimension" />
    <attr name="dropoff" format="float" />
    <attr name="duration" format="integer" />
    <attr name="edgeRadius" format="dimension" />
    <attr name="ellipsisText" format="string" />
    <attr name="enableBorder" format="boolean" />
    <attr name="enableClearButton" format="boolean" />
    <attr name="enablePinchZoom" format="boolean" />
    <attr name="enablePinchZoomDeprecated" format="boolean" />
    <attr name="enablePinchZoomDeprecatedIG" format="boolean" />
    <attr name="enableQuickBackWhenEmpty" format="boolean" />
    <attr name="enabledIconColor" format="color" />
    <attr name="enabledTextColor" format="color" />
    <attr name="endColor" format="reference|string|integer|boolean|color|float|dimension|fraction" />
    <attr name="errorBackground" format="reference" />
    <attr name="errorButtonText" format="reference|string" />
    <attr name="errorColor" format="color" />
    <attr name="errorColorFilter" format="reference|color" />
    <attr name="errorColour" format="color" />
    <attr name="errorImage" format="reference" />
    <attr name="errorSubtitle" format="reference|string" />
    <attr name="errorTitle" format="reference|string" />
    <attr name="expanded_icon" format="reference" />
    <attr name="eyedropper_icon" format="reference" />
    <attr name="fakeBold" format="boolean" />
    <attr name="feedLikeActiveColor" format="color" />
    <attr name="feedSaveActiveColor" format="color" />
    <attr name="fillColor" format="color" />
    <attr name="filledColor" format="color" />
    <attr name="filterListBackground" format="color" />
    <attr name="filterListCheckColor" format="color" />
    <attr name="filterListDividers" format="reference" />
    <attr name="filterListItemText" format="reference" />
    <attr name="filterListTheme" format="reference" />
    <attr name="fitAspectRatio" format="boolean" />
    <attr name="fittingIcon" format="reference" />
    <attr name="fittingMaxWidth" format="dimension" />
    <attr name="fittingText" format="string" />
    <attr name="fittingTextBold" format="boolean" />
    <attr name="fittingTextColor" format="color" />
    <attr name="fittingTextShadow" format="boolean" />
    <attr name="fittingTextSize" format="dimension" />
    <attr name="fixedTabBarStyle" format="reference" />
    <attr name="fixedTabBarTextColor" format="color" />
    <attr name="fixed_height" format="dimension" />
    <attr name="fixed_width" format="dimension" />
    <attr name="followButtonStyle" format="string" />
    <attr name="footnote" format="reference" />
    <attr name="footnoteDetail" format="reference" />
    <attr name="footnoteEmphasized" format="reference" />
    <attr name="footnoteLink" format="reference" />
    <attr name="forceFullWidth" format="boolean" />
    <attr name="fraction_screen_width" format="float" />
    <attr name="fullBright" format="reference|color" />
    <attr name="fullDark" format="reference|color" />
    <attr name="glyphColorPrimary" format="color" />
    <attr name="glyphColorSecondary" format="color" />
    <attr name="glyphColorSecondaryActive" format="color" />
    <attr name="glyphEnabled" format="boolean" />
    <attr name="glyphPadding" format="dimension" />
    <attr name="gradientColor1" format="color" />
    <attr name="gradientColor2" format="color" />
    <attr name="gradientColor3" format="color" />
    <attr name="gradientColor4" format="color" />
    <attr name="gradientColor5" format="color" />
    <attr name="gradientPatternStyle" format="reference" />
    <attr name="gridColumnCount" format="integer" />
    <attr name="gridItemSpacing" format="dimension" />
    <attr name="gridLikeColor" format="color" />
    <attr name="gutterBackground" format="reference" />
    <attr name="headline1" format="reference" />
    <attr name="headline2" format="reference" />
    <attr name="heartColorTint" format="color" />
    <attr name="heartHeight" format="dimension" />
    <attr name="heartMarginBottom" format="dimension" />
    <attr name="heartMarginEnd" format="dimension" />
    <attr name="heartMarginStart" format="dimension" />
    <attr name="heartMarginTop" format="dimension" />
    <attr name="heartPaddingBottom" format="dimension" />
    <attr name="heartPaddingEnd" format="dimension" />
    <attr name="heartPaddingStart" format="dimension" />
    <attr name="heartPaddingTop" format="dimension" />
    <attr name="heartWidth" format="dimension" />
    <attr name="highlightActionBarForegroundPressedColor" format="color" />
    <attr name="hint" format="string" />
    <attr name="hintColor" format="color" />
    <attr name="horizontalProgressLayout" format="reference" />
    <attr name="icon" format="reference" />
    <attr name="iconColor" format="color" />
    <attr name="icon_padding" format="dimension" />
    <attr name="igSwitchStyle" format="reference" />
    <attr name="image" format="reference" />
    <attr name="imageAspectRatio" format="float" />
    <attr name="imageAspectRatioAdjust">
        <enum name="adjust_height" value="2" />
        <enum name="adjust_width" value="1" />
        <enum name="none" value="0" />
    </attr>
    <attr name="imageCornerRadius" format="dimension" />
    <attr name="imageHeight" format="dimension" />
    <attr name="imageUri" format="string" />
    <attr name="imageWidth" format="dimension" />
    <attr name="inactiveColor" format="color" />
    <attr name="inactiveColour" format="color" />
    <attr name="inactiveStrokeWidth" format="dimension" />
    <attr name="indicatorMaxWidth" format="dimension" />
    <attr name="indicatorShadowRadius" format="dimension" />
    <attr name="initialCameraFacing">
        <enum name="back" value="0" />
        <enum name="front" value="1" />
    </attr>
    <attr name="initialCameraFacingDeprecated">
        <enum name="back" value="0" />
        <enum name="front" value="1" />
    </attr>
    <attr name="initialCameraFacingDeprecatedIG">
        <enum name="back" value="0" />
        <enum name="front" value="1" />
    </attr>
    <attr name="initial_stroke_width" format="dimension" />
    <attr name="innerCircleAdjustAlphaOnPress" format="boolean" />
    <attr name="innerCircleColour" format="color" />
    <attr name="innerCircleInset" format="dimension" />
    <attr name="innerCircleTransparentBorderStrokeWidth" format="dimension" />
    <attr name="innerPadding" format="dimension" />
    <attr name="innerSpacing" format="dimension" />
    <attr name="intensity" format="float" />
    <attr name="inversePrimaryButtonStyle" format="reference" />
    <attr name="inverseSecondaryButtonStyle" format="reference" />
    <attr name="inverseUpdatableButtonStyle" format="reference" />
    <attr name="inviteButtonStyle" format="reference" />
    <attr name="isCollapsible" format="boolean" />
    <attr name="keepObservingAfterRequestDisallowTouchEvent" format="boolean" />
    <attr name="label" format="reference" />
    <attr name="labelLink" format="reference" />
    <attr name="labelText" format="reference|string" />
    <attr name="layoutManager" format="string" />
    <attr name="layout_aspectRatio" format="fraction" />
    <attr name="layout_constraintBaseline_creator" format="integer" />
    <attr name="layout_constraintBaseline_toBaselineOf" format="reference">
        <enum name="parent" value="0" />
    </attr>
    <attr name="layout_constraintBottom_creator" format="integer" />
    <attr name="layout_constraintBottom_toBottomOf" format="reference">
        <enum name="parent" value="0" />
    </attr>
    <attr name="layout_constraintBottom_toTopOf" format="reference">
        <enum name="parent" value="0" />
    </attr>
    <attr name="layout_constraintDimensionRatio" format="string" />
    <attr name="layout_constraintEnd_toEndOf" format="reference">
        <enum name="parent" value="0" />
    </attr>
    <attr name="layout_constraintEnd_toStartOf" format="reference">
        <enum name="parent" value="0" />
    </attr>
    <attr name="layout_constraintGuide_begin" format="dimension" />
    <attr name="layout_constraintGuide_end" format="dimension" />
    <attr name="layout_constraintGuide_percent" format="float" />
    <attr name="layout_constraintHeight_default">
        <enum name="spread" value="0" />
        <enum name="wrap" value="1" />
    </attr>
    <attr name="layout_constraintHeight_max" format="dimension" />
    <attr name="layout_constraintHeight_min" format="dimension" />
    <attr name="layout_constraintHorizontal_bias" format="float" />
    <attr name="layout_constraintHorizontal_chainStyle">
        <enum name="packed" value="2" />
        <enum name="spread" value="0" />
        <enum name="spread_inside" value="1" />
    </attr>
    <attr name="layout_constraintHorizontal_weight" format="float" />
    <attr name="layout_constraintLeft_creator" format="integer" />
    <attr name="layout_constraintLeft_toLeftOf" format="reference">
        <enum name="parent" value="0" />
    </attr>
    <attr name="layout_constraintLeft_toRightOf" format="reference">
        <enum name="parent" value="0" />
    </attr>
    <attr name="layout_constraintRight_creator" format="integer" />
    <attr name="layout_constraintRight_toLeftOf" format="reference">
        <enum name="parent" value="0" />
    </attr>
    <attr name="layout_constraintRight_toRightOf" format="reference">
        <enum name="parent" value="0" />
    </attr>
    <attr name="layout_constraintStart_toEndOf" format="reference">
        <enum name="parent" value="0" />
    </attr>
    <attr name="layout_constraintStart_toStartOf" format="reference">
        <enum name="parent" value="0" />
    </attr>
    <attr name="layout_constraintTop_creator" format="integer" />
    <attr name="layout_constraintTop_toBottomOf" format="reference">
        <enum name="parent" value="0" />
    </attr>
    <attr name="layout_constraintTop_toTopOf" format="reference">
        <enum name="parent" value="0" />
    </attr>
    <attr name="layout_constraintVertical_bias" format="float" />
    <attr name="layout_constraintVertical_chainStyle">
        <enum name="packed" value="2" />
        <enum name="spread" value="0" />
        <enum name="spread_inside" value="1" />
    </attr>
    <attr name="layout_constraintVertical_weight" format="float" />
    <attr name="layout_constraintWidth_default">
        <enum name="spread" value="0" />
        <enum name="wrap" value="1" />
    </attr>
    <attr name="layout_constraintWidth_max" format="dimension" />
    <attr name="layout_constraintWidth_min" format="dimension" />
    <attr name="layout_editor_absoluteX" format="dimension" />
    <attr name="layout_editor_absoluteY" format="dimension" />
    <attr name="layout_goneMarginBottom" format="dimension" />
    <attr name="layout_goneMarginEnd" format="dimension" />
    <attr name="layout_goneMarginLeft" format="dimension" />
    <attr name="layout_goneMarginRight" format="dimension" />
    <attr name="layout_goneMarginStart" format="dimension" />
    <attr name="layout_goneMarginTop" format="dimension" />
    <attr name="layout_heightPercent" format="fraction" />
    <attr name="layout_marginBottomPercent" format="fraction" />
    <attr name="layout_marginEndPercent" format="fraction" />
    <attr name="layout_marginLeftPercent" format="fraction" />
    <attr name="layout_marginPercent" format="fraction" />
    <attr name="layout_marginRightPercent" format="fraction" />
    <attr name="layout_marginStartPercent" format="fraction" />
    <attr name="layout_marginTopPercent" format="fraction" />
    <attr name="layout_optimizationLevel">
        <flag name="all" value="0x00000002" />
        <flag name="basic" value="0x00000004" />
        <flag name="chains" value="0x00000008" />
        <flag name="none" value="0x00000001" />
    </attr>
    <attr name="layout_widthPercent" format="fraction" />
    <attr name="lightActionBarForegroundPressedColor" format="color" />
    <attr name="lineColor" format="color" />
    <attr name="lineSpacingExtra" format="dimension" />
    <attr name="lineWidth" format="dimension" />
    <attr name="lines" format="integer" />
    <attr name="listItemLayout" format="reference" />
    <attr name="listLayout" format="reference" />
    <attr name="loadMoreAspectRatio" format="float" />
    <attr name="loadingButtonText" format="reference|string" />
    <attr name="loadingSubtitle" format="reference|string" />
    <attr name="loadingTitle" format="reference|string" />
    <attr name="lockMediaOrientation" format="boolean" />
    <attr name="lockMediaOrientationDeprecated" format="boolean" />
    <attr name="lockMediaOrientationDeprecatedIG" format="boolean" />
    <attr name="maxDurationMS" format="integer" />
    <attr name="maxHeight" format="dimension" />
    <attr name="maxWidth" format="dimension" />
    <attr name="max_stroke_width" format="dimension" />
    <attr name="maximum_stroke_width" format="dimension" />
    <attr name="mediaPickerBackground" format="color" />
    <attr name="mediaPickerItemStyle" format="reference" />
    <attr name="mediaPickerSpacing" format="dimension" />
    <attr name="mediaPlaceholderColor" format="color" />
    <attr name="mediaTabBackground" format="color" />
    <attr name="mediaTabStyle" format="reference" />
    <attr name="mediaTabTextColor" format="color" />
    <attr name="mediaTabTextColorSelected" format="color" />
    <attr name="medium" format="boolean" />
    <attr name="messageRequest" format="reference" />
    <attr name="messageRequestAction" format="reference" />
    <attr name="messageRequestPadding" format="dimension" />
    <attr name="min_stroke_width" format="dimension" />
    <attr name="minimum_stroke_width" format="dimension" />
    <attr name="modalActionBarBackground" format="reference" />
    <attr name="modalActionBarButtonBackground" format="reference" />
    <attr name="modalActionBarForegroundPressedColor" format="color" />
    <attr name="modalActionBarPrimaryButtonBackground" format="reference" />
    <attr name="modalActionBarPrimaryButtonForeground" format="reference" />
    <attr name="modalActionBarPrimaryButtonForegroundPressed" format="reference" />
    <attr name="multiChoiceItemLayout" format="reference" />
    <attr name="noResultsPadding" format="dimension" />
    <attr name="normal" format="color" />
    <attr name="normal_alpha" format="integer" min="0" max="255" />
    <attr name="notificationNub" format="reference" />
    <attr name="notificationTooltip" format="reference" />
    <attr name="nuxActionButtonBackground" format="reference" />
    <attr name="nuxActionButtonTextColor" format="reference" />
    <attr name="nuxAllowLanguagePicker" format="boolean" />
    <attr name="nuxAllowSignUpFlow" format="boolean" />
    <attr name="nuxDividerColor" format="color" />
    <attr name="nuxLogoDrawable" format="reference" />
    <attr name="nuxLogoTintColor" format="color" />
    <attr name="nuxTextColor" format="color" />
    <attr name="outerCircleColour" format="color" />
    <attr name="outlineWidth" format="dimension" />
    <attr name="paddingLeft" format="dimension" />
    <attr name="paddingRight" format="dimension" />
    <attr name="padding_icon" format="dimension" />
    <attr name="pageSpacing" format="dimension" />
    <attr name="peopleTagSearchBackground" format="reference" />
    <attr name="peopleTagSearchCacheColorHint" format="reference" />
    <attr name="peopleTagSearchItemBackground" format="reference" />
    <attr name="peopleTagSearchTheme" format="reference" />
    <attr name="perfTrackingCategory" format="string" />
    <attr name="photoCaptureQuality">
        <enum name="deactivated" value="3" />
        <enum name="high" value="0" />
        <enum name="low" value="2" />
        <enum name="medium" value="1" />
    </attr>
    <attr name="photoCaptureQualityDeprecated">
        <enum name="deactivated" value="3" />
        <enum name="high" value="0" />
        <enum name="low" value="2" />
        <enum name="medium" value="1" />
    </attr>
    <attr name="photoCaptureQualityDeprecatedIG">
        <enum name="deactivated" value="3" />
        <enum name="high" value="0" />
        <enum name="low" value="2" />
        <enum name="medium" value="1" />
    </attr>
    <attr name="pillLabelStyle" format="reference" />
    <attr name="pillSelectedColor" format="color" />
    <attr name="pillUnselectedColor" format="color" />
    <attr name="placeholder" format="reference|color" />
    <attr name="placeholderColor" format="color" />
    <attr name="primaryButtonBackground" format="reference" />
    <attr name="primaryButtonStyle" format="reference" />
    <attr name="primaryText" format="string" />
    <attr name="profileAvatarLarge" format="reference" />
    <attr name="profileAvatarSize" format="reference" />
    <attr name="profileBusinessTitle" format="reference" />
    <attr name="profileFootNote" format="reference" />
    <attr name="profileGenderIcon" format="reference" />
    <attr name="profileRowHeight" format="dimension" />
    <attr name="profileRowHeightLarge" format="reference" />
    <attr name="profileRowHeightMedium" format="reference" />
    <attr name="profileSwitchAccountAvatar" format="reference" />
    <attr name="profileSwitchAccountCheck" format="reference" />
    <attr name="profileSwitchAccountNotificationText" format="reference" />
    <attr name="profileSwitchAccountPadding" format="dimension" />
    <attr name="profileSwitchAccountUserInfo" format="reference" />
    <attr name="profileSwitchAccountUserInfoTextColor" format="reference" />
    <attr name="profileUserInfo" format="reference" />
    <attr name="profileUserName" format="reference" />
    <attr name="progressBarTint" format="color" />
    <attr name="progressCircleStrokeOutsideBounds" format="boolean" />
    <attr name="progressCircleStrokeWidth" format="dimension" />
    <attr name="progressGradientPatternStyle" format="reference" />
    <attr name="progressGradientStyle" format="reference" />
    <attr name="progressLayout" format="reference" />
    <attr name="progressStrokeWidth" format="dimension" />
    <attr name="punchCorner" format="string" />
    <attr name="punchOffsetX" format="dimension" />
    <attr name="punchOffsetY" format="dimension" />
    <attr name="punchRadius" format="dimension" />
    <attr name="quickBackExperimentParameter" format="string" />
    <attr name="quickCaptureControllerAllowCameraTooltip" format="boolean" />
    <attr name="quickCaptureControllerBottomShadowDrawable" format="reference" />
    <attr name="quickCaptureControllerCameraSwitchButton" format="reference" />
    <attr name="quickCaptureControllerCaptureStateTransitionAnimationsEnabled" format="boolean" />
    <attr name="quickCaptureControllerDirectReplyHeaderBackground" format="reference|color" />
    <attr name="quickCaptureControllerDirectReplyHeaderMinHeight" format="reference|dimension" />
    <attr name="quickCaptureControllerFaceFilterButton" format="reference" />
    <attr name="quickCaptureControllerFaceFilterButtonProgressIndicatorMargin" format="reference|dimension" />
    <attr name="quickCaptureControllerFaceFilterButtonProgressIndicatorSize" format="reference|dimension" />
    <attr name="quickCaptureControllerFlashButton" format="reference" />
    <attr name="quickCaptureControllerGalleryButton" format="reference" />
    <attr name="quickCaptureControllerGalleryButtonCircular" format="boolean" />
    <attr name="quickCaptureControllerGalleryButtonSize" format="reference" />
    <attr name="quickCaptureControllerShadowHeight" format="dimension" />
    <attr name="quickCaptureControllerShutterButtonSize" format="reference|dimension" />
    <attr name="quickCaptureControllerTextModeDefaultBackgroundColor" format="reference|color" />
    <attr name="quickCaptureControllerTopShadowDrawable" format="reference" />
    <attr name="quickCaptureFormatPickerIconTintColor" format="reference|color" />
    <attr name="quickCaptureFormatPickerIndicatorVisible" format="boolean" />
    <attr name="quickCaptureFormatPickerLabelHorizontalMargin" format="reference|dimension" />
    <attr name="radius" format="dimension" />
    <attr name="reactionBarBorderVisibility" format="integer" />
    <attr name="reelDashboardShareButtonEnabled" format="boolean" />
    <attr name="reelOptionsAllowFeedCreation" format="boolean" />
    <attr name="relative_height" format="float" />
    <attr name="relative_width" format="float" />
    <attr name="repeat_count" format="integer" />
    <attr name="repeat_delay" format="integer" />
    <attr name="repeat_mode">
        <enum name="restart" value="1" />
        <enum name="reverse" value="2" />
    </attr>
    <attr name="retryType">
        <enum name="icon" value="1" />
        <enum name="text" value="0" />
    </attr>
    <attr name="reverseLayout" format="boolean" />
    <attr name="roundedCorners">
        <flag name="all" value="0x0000000f" />
        <flag name="bottomLeft" value="0x00000008" />
        <flag name="bottomRight" value="0x00000004" />
        <flag name="topLeft" value="0x00000001" />
        <flag name="topRight" value="0x00000002" />
    </attr>
    <attr name="rowAvatarWidth" format="dimension" />
    <attr name="rowBadge" format="reference" />
    <attr name="rowDetailBoldText" format="reference" />
    <attr name="rowDetailStyle" format="reference" />
    <attr name="rowDivider" format="reference" />
    <attr name="rowDividerColor" format="color" />
    <attr name="rowHeaderDivider" format="reference" />
    <attr name="rowHeight" format="reference" />
    <attr name="rowPadding" format="dimension" />
    <attr name="rowRightPadding" format="dimension" />
    <attr name="rowTextPadding" format="dimension" />
    <attr name="rowTextStyle" format="reference" />
    <attr name="rowUserInfo" format="reference" />
    <attr name="rowUserName" format="reference" />
    <attr name="scopeUris" format="reference|string" />
    <attr name="screen_width_fraction" format="float" />
    <attr name="scrollingCircleCountThreshold" format="integer" />
    <attr name="searchAvatar" format="reference" />
    <attr name="searchAvatarLocation" format="reference" />
    <attr name="searchAvatarTag" format="reference" />
    <attr name="searchBadge" format="reference" />
    <attr name="searchBadgeSmall" format="reference" />
    <attr name="searchControllerBackgroundColor" format="color" />
    <attr name="searchDrawablePadding" format="dimension" />
    <attr name="searchFollowButtonHeight" format="dimension" />
    <attr name="searchReelAvatarSize" format="dimension" />
    <attr name="searchReelMarginEnd" format="dimension" />
    <attr name="searchReelRingSize" format="dimension" />
    <attr name="searchRowHeight" format="dimension" />
    <attr name="searchRowPadding" format="dimension" />
    <attr name="searchTextPadding" format="dimension" />
    <attr name="searchUserInfo" format="reference" />
    <attr name="searchUserName" format="reference" />
    <attr name="searchVerticalSeparatorPadding" format="dimension" />
    <attr name="secondaryButtonStyle" format="reference" />
    <attr name="secondaryText" format="string" />
    <attr name="section" format="reference" />
    <attr name="seekBarActiveColor" format="color" />
    <attr name="seekBarInactiveColor" format="color" />
    <attr name="seekBarKnob" format="reference" />
    <attr name="seekBarKnobSize" format="reference" />
    <attr name="seekBarRoot" format="reference" />
    <attr name="seekBarStyle" format="reference" />
    <attr name="seekBarTextAlpha" format="integer" />
    <attr name="seekBarTextColor" format="color" />
    <attr name="segmentFillType">
        <enum name="current_segment" value="1" />
        <enum name="sliding_segment" value="2" />
        <enum name="total_progress" value="0" />
    </attr>
    <attr name="segmentedUnderlineWidth" format="reference" />
    <attr name="selectedCircleColor" format="color" />
    <attr name="selectedColor" format="color" />
    <attr name="selectedStrokeWidth" format="dimension" />
    <attr name="selectedTextColor" format="color" />
    <attr name="selectedTextSize" format="dimension" />
    <attr name="selectorColor" format="color" />
    <attr name="selectorWidth" format="dimension" />
    <attr name="sendButtonShadow" format="boolean" />
    <attr name="shadowColor" format="color" />
    <attr name="shadowRadius" format="dimension" />
    <attr name="shadow_radius" format="dimension" />
    <attr name="shape">
        <enum name="linear" value="0" />
        <enum name="radial" value="1" />
    </attr>
    <attr name="shareTableStyle" format="reference" />
    <attr name="shouldHideAllComments" format="boolean" />
    <attr name="shouldMinimizeAllComments" format="boolean" />
    <attr name="shouldShowFollowBack" format="boolean" />
    <attr name="shouldTruncateCaptionToSingleLine" format="boolean" />
    <attr name="showBorderOnBackAvatar" format="reference|boolean" />
    <attr name="showMissingBackAvatar" format="reference|boolean" />
    <attr name="showSecondaryButton" format="boolean" />
    <attr name="showStroke" format="boolean" />
    <attr name="singleAvatarGradientRingSize" format="dimension" />
    <attr name="singleAvatarSize" format="dimension" />
    <attr name="singleChoiceItemLayout" format="reference" />
    <attr name="singleTapGesture">
        <flag name="disabled" value="0x00000000" />
        <flag name="focus" value="0x00000001" />
        <flag name="metering" value="0x00000002" />
    </attr>
    <attr name="singleTapGestureDeprecated">
        <flag name="disabled" value="0x00000000" />
        <flag name="focus" value="0x00000001" />
        <flag name="metering" value="0x00000002" />
    </attr>
    <attr name="slideOutIcon" format="reference" />
    <attr name="spacing" format="dimension" />
    <attr name="spanCount" format="integer" />
    <attr name="stackFromEnd" format="boolean" />
    <attr name="startColor" format="reference|string|integer|boolean|color|float|dimension|fraction" />
    <attr name="state">
        <enum name="Empty" value="0" />
        <enum name="Error" value="2" />
        <enum name="Loading" value="1" />
    </attr>
    <attr name="state_blue" format="boolean" />
    <attr name="state_grey" format="boolean" />
    <attr name="storySendButtonGradientDrawable" format="reference" />
    <attr name="strokeColor" format="reference|color" />
    <attr name="strokeColour" format="color" />
    <attr name="strokeIncludesPadding" format="boolean" />
    <attr name="strokeRadius" format="dimension" />
    <attr name="strokeWidth" format="dimension" />
    <attr name="stroke_colour" format="color" />
    <attr name="stroke_width" format="dimension" />
    <attr name="stroke_width_button" format="dimension" />
    <attr name="subtitle" format="reference|string" />
    <attr name="supports_undo" format="boolean" />
    <attr name="tabActivityDrawable" format="reference" />
    <attr name="tabBarHeight" format="reference" />
    <attr name="tabButtonBackground" format="reference" />
    <attr name="tabButtonIconStyle" format="reference" />
    <attr name="tabButtonProfileDrawable" format="reference" />
    <attr name="tabCameraDrawable" format="reference" />
    <attr name="tabHomeDrawable" format="reference" />
    <attr name="tabProfileDrawable" format="reference" />
    <attr name="tabSearchDrawable" format="reference" />
    <attr name="text" format="string" />
    <attr name="textColor" format="color" />
    <attr name="textColorBoldLink" format="color" />
    <attr name="textColorHyperlink" format="color" />
    <attr name="textColorLocation" format="color" />
    <attr name="textColorPrimary" format="color" />
    <attr name="textColorRegularLink" format="color" />
    <attr name="textColorSecondary" format="color" />
    <attr name="textColorSelected" format="color" />
    <attr name="textColorTertiary" format="color" />
    <attr name="textHorizontalPadding" format="dimension" />
    <attr name="textPadding" format="dimension" />
    <attr name="textPaddingLeft" format="dimension" />
    <attr name="textPaddingRight" format="dimension" />
    <attr name="textSize" format="dimension" />
    <attr name="textSizeLocation" format="dimension" />
    <attr name="thumbDrawable" format="reference" />
    <attr name="thumb_colour" format="color" />
    <attr name="thumb_size" format="dimension" />
    <attr name="tilt" format="float" />
    <attr name="tintPickerKnob" format="reference" />
    <attr name="tintPickerLineColor" format="color" />
    <attr name="tintPickerNoneColor" format="color" />
    <attr name="tintPickerSelectedSize" format="dimension" />
    <attr name="tintPickerStyle" format="reference" />
    <attr name="title" format="reference|string" />
    <attr name="titleButtonPrimary" format="reference" />
    <attr name="titleInactive" format="reference" />
    <attr name="titleLogoDrawable" format="reference" />
    <attr name="titleText" format="reference" />
    <attr name="tokenTextViewBackground" format="reference" />
    <attr name="tokenTextViewTextColor" format="reference|color" />
    <attr name="tombstoneBackground" format="reference" />
    <attr name="tombstoneReasonClickableBackground" format="reference" />
    <attr name="toolTipColor" format="color" />
    <attr name="topBright" format="reference|color" />
    <attr name="topDark" format="reference|color" />
    <attr name="track_button_spacing" format="dimension" />
    <attr name="track_colour" format="color" />
    <attr name="track_width" format="dimension" />
    <attr name="triangleColor" format="color" />
    <attr name="trianglePadding" format="dimension" />
    <attr name="triangleSize" format="dimension" />
    <attr name="triangleSpinnerStyle" format="reference" />
    <attr name="triangleStyle">
        <enum name="corner" value="0" />
        <enum name="downward" value="1" />
    </attr>
    <attr name="uncheckedDrawable" format="reference" />
    <attr name="unfilledColor" format="color" />
    <attr name="updatableButtonGlyphStyle" format="reference" />
    <attr name="updatableButtonStyle" format="reference" />
    <attr name="videoCaptureQuality">
        <enum name="deactivated" value="3" />
        <enum name="high" value="0" />
        <enum name="low" value="2" />
        <enum name="medium" value="1" />
    </attr>
    <attr name="videoCaptureQualityDeprecated">
        <enum name="deactivated" value="3" />
        <enum name="high" value="0" />
        <enum name="low" value="2" />
        <enum name="medium" value="1" />
    </attr>
    <attr name="videoCaptureQualityDeprecatedIG">
        <enum name="deactivated" value="3" />
        <enum name="high" value="0" />
        <enum name="low" value="2" />
        <enum name="medium" value="1" />
    </attr>
    <attr name="videoRecordingInnerScaleFactor" format="float" />
    <attr name="videoRecordingOuterScaleFactor" format="float" />
    <attr name="visualReplyMarginBottom" format="dimension" />
    <attr name="visualReplyMarginEnd" format="dimension" />
    <attr name="visualReplyMarginStart" format="dimension" />
    <attr name="visualReplyMarginTop" format="dimension" />
    <attr name="visualReplyPaddingBottom" format="dimension" />
    <attr name="visualReplyPaddingEnd" format="dimension" />
    <attr name="visualReplyPaddingStart" format="dimension" />
    <attr name="visualReplyPaddingTop" format="dimension" />
    <attr name="widened_track_width" format="dimension" />
    <attr name="wrappedInversePrimaryButtonStyle" format="reference" />
    <attr name="wrappedPrimaryButtonStyle" format="reference" />
    <attr name="wrappedSecondaryButtonStyle" format="reference" />
</resources>
