<?xml version="1.0" encoding="utf-8"?>
<resources>
    <color name="action_bar_semi_transparent_white">#bfffffff</color>
    <color name="action_bar_transparent_background">#20000000</color>
    <color name="action_bar_transparent_background_pressed_state">#30000000</color>
    <color name="ads_manager_subtitle_color">#8a000000</color>
    <color name="ads_manager_title_color">#de000000</color>
    <color name="avatar_stroke">@color/black_20_transparent</color>
    <color name="bioTextEntityFontColor">@color/blue_8</color>
    <color name="black">#ff000000</color>
    <color name="black_10_transparent">#1a000000</color>
    <color name="black_15_transparent">#26000000</color>
    <color name="black_20_transparent">#33000000</color>
    <color name="black_25_transparent">#40000000</color>
    <color name="black_30_transparent">#4d000000</color>
    <color name="black_40_transparent">#66000000</color>
    <color name="black_50_transparent">#80000000</color>
    <color name="black_5_transparent">#0d000000</color>
    <color name="black_60_transparent">#96000000</color>
    <color name="black_65_transparent">#a6000000</color>
    <color name="black_6_transparent">#0f000000</color>
    <color name="black_70_transparent">#b3000000</color>
    <color name="black_80_transparent">#cd000000</color>
    <color name="black_8_transparent">#14000000</color>
    <color name="black_90_transparent">#e6000000</color>
    <color name="black_95_transparent">#f2000000</color>
    <color name="blue_0">#fff4faff</color>
    <color name="blue_1">#ffdfefff</color>
    <color name="blue_2">#ffb4daff</color>
    <color name="blue_3">#ff89c5ff</color>
    <color name="blue_4">#ff5eb1ff</color>
    <color name="blue_5">#ff3897f0</color>
    <color name="blue_5_10_transparent">#1a3897f0</color>
    <color name="blue_5_20_transparent">#333897f0</color>
    <color name="blue_5_30_transparent">#4d3897f0</color>
    <color name="blue_5_70_transparent">#b33897f0</color>
    <color name="blue_6">#ff1372cc</color>
    <color name="blue_7">#ff0053a4</color>
    <color name="blue_8">#ff003569</color>
    <color name="blue_9">#ff00264a</color>
    <color name="blueteal_0">#ffd6eef8</color>
    <color name="blueteal_1">#ff78d0ef</color>
    <color name="blueteal_10">#ff02dce5</color>
    <color name="blueteal_2">#ff61c8ec</color>
    <color name="blueteal_3">#ff4bc0ea</color>
    <color name="blueteal_4">#ff34b8e7</color>
    <color name="blueteal_5">#ff1eb1e5</color>
    <color name="blueteal_5_10_transparent">#1a1eb1e5</color>
    <color name="blueteal_5_20_transparent">#331eb1e5</color>
    <color name="blueteal_6">#ff1b9fce</color>
    <color name="blueteal_7">#ff188db7</color>
    <color name="blueteal_8">#ff147b9f</color>
    <color name="blueteal_9">#ff126a89</color>
    <color name="blur_mask_tint_color">#66f1f1f1</color>
    <color name="body_text">#ff999999</color>
    <color name="border_color">#ffcccccc</color>
    <color name="bottomsheet_background_dimmer_color">@color/black_50_transparent</color>
    <color name="browser_alternative_subtitle_color">#ff8a9ccd</color>
    <color name="browser_burd_url_bar_foreground_color">#ff9daccb</color>
    <color name="browser_chrome_text_color">#ff689afe</color>
    <color name="browser_close_button_tint">#ff6a7180</color>
    <color name="browser_menu_item_inactive_color">#ff898c96</color>
    <color name="browser_more_menu_divider_color">#ffdcdee3</color>
    <color name="browser_more_menu_text_color">#ff373e4d</color>
    <color name="browser_more_menu_tint">#ff6a7180</color>
    <color name="browser_progress_bar_color">#1a000000</color>
    <color name="browser_secondary_text">#ff606770</color>
    <color name="browser_subtitle_text_color">#7f000000</color>
    <color name="browser_title_text_color">#ff000000</color>
    <color name="bugreporter_screen_cancel_background">#ffffe6cc</color>
    <color name="bugreporter_screen_cancel_background_border">#ffffa736</color>
    <color name="bugreporter_screen_capture_background_border">#ff5bc25b</color>
    <color name="bugreporter_screen_capture_button">#ffe5ffe5</color>
    <color name="bugreporter_update_warning_background">#ffc7c7c7</color>
    <color name="button_press_background">#1f3897f0</color>
    <color name="button_text_disabled_color">#663897f0</color>
    <color name="camera_gradient_center">#80d73889</color>
    <color name="camera_gradient_end">#80fd8d32</color>
    <color name="camera_gradient_start">#80a307ba</color>
    <color name="camera_shelf_background">@color/black_30_transparent</color>
    <color name="capture_textview_text_color">#feffffff</color>
    <color name="catalyst_redbox_background">#eecc0000</color>
    <color name="click_background">#33141823</color>
    <color name="close_button_tint_color">#ff6a7180</color>
    <color name="common_google_signin_btn_text_dark_default">@android:color/white</color>
    <color name="common_google_signin_btn_text_dark_disabled">#1f000000</color>
    <color name="common_google_signin_btn_text_dark_focused">@android:color/black</color>
    <color name="common_google_signin_btn_text_dark_pressed">@android:color/white</color>
    <color name="common_google_signin_btn_text_light_default">#90000000</color>
    <color name="common_google_signin_btn_text_light_disabled">#1f000000</color>
    <color name="common_google_signin_btn_text_light_focused">#90000000</color>
    <color name="common_google_signin_btn_text_light_pressed">#de000000</color>
    <color name="cta_highlight_background_color">#ff9480c3</color>
    <color name="cyan_0">#fff3fdff</color>
    <color name="cyan_1">#ffdcf7ff</color>
    <color name="cyan_2">#ffafecff</color>
    <color name="cyan_3">#ff82e1ff</color>
    <color name="cyan_4">#ff54d7ff</color>
    <color name="cyan_5">#ff27c4f5</color>
    <color name="cyan_6">#ff03a1d1</color>
    <color name="cyan_7">#ff00779d</color>
    <color name="cyan_8">#ff004c64</color>
    <color name="cyan_9">#ff003647</color>
    <color name="default_slideout_icon_background">#b3000000</color>
    <color name="default_slideout_icon_background_border">#33ffffff</color>
    <color name="default_slideout_icon_text_color">@color/white</color>
    <color name="dialog_background">#55000000</color>
    <color name="dialog_text_color">#ff2d3237</color>
    <color name="direct_blue_gradient_dark">#ff0b70e1</color>
    <color name="direct_blue_gradient_light">#ff42b8f7</color>
    <color name="direct_blue_ring_gradient_colour1">#ff4ac9ff</color>
    <color name="direct_blue_ring_gradient_colour2">#ff4caeff</color>
    <color name="direct_blue_ring_gradient_colour3">#ff4d93ff</color>
    <color name="direct_blue_ring_gradient_colour4">#ff2a6dea</color>
    <color name="direct_blue_ring_gradient_colour5">#ff0747d5</color>
    <color name="direct_gradient_bright_end">@color/teal</color>
    <color name="direct_gradient_bright_pressed_end">@color/blueteal_5</color>
    <color name="direct_gradient_bright_pressed_start">@color/indigo</color>
    <color name="direct_gradient_bright_start">@color/blueteal_5</color>
    <color name="direct_gradient_dim_end">@color/blueteal_5</color>
    <color name="direct_gradient_dim_start">@color/indigo</color>
    <color name="disabled_text_off_white">#50ffffff</color>
    <color name="error_state">#ffb30e0e</color>
    <color name="facebook_logo_blue">#ff4267b2</color>
    <color name="filmstrip_dimmer">#cd000000</color>
    <color name="gallery_item_selection_circle_default_color">#4dffffff</color>
    <color name="gallery_item_selection_circle_selected_color">@color/multi_select_blue</color>
    <color name="gallery_item_selection_circle_shadow_color">@color/black_5_transparent</color>
    <color name="green_0">#fff7fff3</color>
    <color name="green_1">#ffe5ffda</color>
    <color name="green_2">#ffc4ffab</color>
    <color name="green_3">#ffa5f585</color>
    <color name="green_4">#ff8dde6d</color>
    <color name="green_5">#ff70c050</color>
    <color name="green_5_70_transparent">#b370c050</color>
    <color name="green_6">#ff4e9f2e</color>
    <color name="green_7">#ff338313</color>
    <color name="green_8">#ff1d6000</color>
    <color name="green_9">#ff134400</color>
    <color name="greenteal">#ffb4fea6</color>
    <color name="grey_0">#fffafafa</color>
    <color name="grey_1">#ffefefef</color>
    <color name="grey_1_30_transparent">#4defefef</color>
    <color name="grey_1_80_transparent">#ccefefef</color>
    <color name="grey_1_90_transparent">#e6efefef</color>
    <color name="grey_2">#ffdbdbdb</color>
    <color name="grey_2_30_transparent">#4ddbdbdb</color>
    <color name="grey_2_70_transparent">#b3dbdbdb</color>
    <color name="grey_3">#ffc7c7c7</color>
    <color name="grey_3_66_transparent">#aac7c7c7</color>
    <color name="grey_4">#ffb2b2b2</color>
    <color name="grey_5">#ff999999</color>
    <color name="grey_5_30_transparent">#4d999999</color>
    <color name="grey_6">#ff737373</color>
    <color name="grey_7">#ff555555</color>
    <color name="grey_7_75_transparent">#bf555555</color>
    <color name="grey_7_85_transparent">#d9555555</color>
    <color name="grey_8">#ff363636</color>
    <color name="grey_9">#ff262626</color>
    <color name="grey_9_30_transparent">#4d262626</color>
    <color name="ig_led_color">#fff4bb41</color>
    <color name="ig_purple">#ffc40092</color>
    <color name="ig_red">#ffe40031</color>
    <color name="ig_yellow">#ffffd521</color>
    <color name="iglive_ssi_banner_gradient_end">#99585bc2</color>
    <color name="iglive_ssi_banner_gradient_start">#99a02ea2</color>
    <color name="image_placeholder">@color/grey_1</color>
    <color name="indigo">#ff4775e5</color>
    <color name="language_picker">@color/grey_5</color>
    <color name="list_unseen_background_color">#ffeff7ff</color>
    <color name="multi_select_blue">#ff71bfff</color>
    <color name="null_state_color">#33ffffff</color>
    <color name="nux_dayone_email_enabled">#20ffffff</color>
    <color name="nux_dayone_email_pressed">#30ffffff</color>
    <color name="nux_dayone_facebook_enabled">#803b5998</color>
    <color name="nux_dayone_facebook_pressed">#b03b5998</color>
    <color name="nux_dayone_log_in_enabled">#10ffffff</color>
    <color name="nux_dayone_log_in_pressed">#18ffffff</color>
    <color name="orange_0">#fffff9f5</color>
    <color name="orange_1">#ffffeee0</color>
    <color name="orange_2">#ffffd7b6</color>
    <color name="orange_3">#ffffc08d</color>
    <color name="orange_4">#ffffa863</color>
    <color name="orange_5">#fffd8d32</color>
    <color name="orange_6">#ffd7670d</color>
    <color name="orange_7">#ffa84b00</color>
    <color name="orange_8">#ff6b3000</color>
    <color name="orange_9">#ff4c2100</color>
    <color name="overlay_transparent">#b3262626</color>
    <color name="pill_background">#d9ffffff</color>
    <color name="pill_background_outline">#26000000</color>
    <color name="pill_background_outline_pressed">#4d000000</color>
    <color name="pill_background_pressed">#d9c9cbcc</color>
    <color name="pink_0">#fffff0f7</color>
    <color name="pink_1">#ffffd2e8</color>
    <color name="pink_2">#ffff98c9</color>
    <color name="pink_3">#ffff5dab</color>
    <color name="pink_4">#fff52c8d</color>
    <color name="pink_5">#ffd10869</color>
    <color name="pink_6">#ffa3004e</color>
    <color name="pink_7">#ff78003a</color>
    <color name="pink_8">#ff4d0025</color>
    <color name="pink_9">#ff36001a</color>
    <color name="polling_background_color">@color/white</color>
    <color name="polling_background_selected_color">@color/grey_2</color>
    <color name="polling_options_divider_color">@color/grey_2</color>
    <color name="polling_result_highlighted_option_text_color">@color/white</color>
    <color name="polling_result_unhighlighted_option_text_color">@color/grey_5</color>
    <color name="purple_0">#fffdeeff</color>
    <color name="purple_1">#fff9ceff</color>
    <color name="purple_2">#fff18fff</color>
    <color name="purple_3">#ffe850ff</color>
    <color name="purple_4">#ffca2ee1</color>
    <color name="purple_5">#ffa307ba</color>
    <color name="purple_6">#ff7e0091</color>
    <color name="purple_7">#ff5d006b</color>
    <color name="purple_8">#ff3b0044</color>
    <color name="purple_9">#ff2a0031</color>
    <color name="quick_capture_next_button_text_color">@color/grey_9</color>
    <color name="red_0">#fffff5f5</color>
    <color name="red_1">#ffffe0e2</color>
    <color name="red_2">#ffffb9be</color>
    <color name="red_3">#ffff909a</color>
    <color name="red_4">#ffff6874</color>
    <color name="red_5">#ffed4956</color>
    <color name="red_6">#ffc62330</color>
    <color name="red_7">#ffa70311</color>
    <color name="red_8">#ff6e0008</color>
    <color name="red_9">#ff4d0008</color>
    <color name="reel_background_content_gradient_end">@android:color/transparent</color>
    <color name="reel_background_content_gradient_start">#bf000000</color>
    <color name="reel_background_content_white_gradient_end">@color/white_40_transparent</color>
    <color name="reel_background_content_white_gradient_start">@color/white</color>
    <color name="refreshable_progress_drawable_background">@color/grey_1</color>
    <color name="refreshable_progress_drawable_track">@color/grey_3</color>
    <color name="reg_icon_tint">@color/grey_9</color>
    <color name="reg_token_border">#ffececec</color>
    <color name="reg_token_fill">#fffbfbfb</color>
    <color name="reg_token_text">#ffa4a8ab</color>
    <color name="result_bar_active_color">#ff4999da</color>
    <color name="share_screen_icon_color">#ff4a5158</color>
    <color name="slider_gradient_background">@color/grey_2</color>
    <color name="slider_gradient_end">#fff50000</color>
    <color name="slider_gradient_start">#ffb900b4</color>
    <color name="slider_sticker_background">@color/white</color>
    <color name="slider_sticker_question_hint">@color/grey_3</color>
    <color name="slider_sticker_question_text">@color/black</color>
    <color name="solid_white">#ffffffff</color>
    <color name="status_bar_background">#ffb2b2b2</color>
    <color name="status_bar_background_light_semitransparent">@color/black_6_transparent</color>
    <color name="sticker_subtle_dark_background">#99b4b4b4</color>
    <color name="sticker_subtle_light_background">#99d9d9d9</color>
    <color name="tabbar_black">#ff262626</color>
    <color name="teal">#ff02dce5</color>
    <color name="text_view_link_color">#ff00356d</color>
    <color name="title_color">#ff999999</color>
    <color name="title_text">#ff262626</color>
    <color name="transparent">#00000000</color>
    <color name="tray_avatar_white_border_color">@color/white</color>
    <color name="tray_item_border_color">@color/black</color>
    <color name="white">#ffffffff</color>
    <color name="white_10_transparent">#1affffff</color>
    <color name="white_20_transparent">#33ffffff</color>
    <color name="white_25_transparent">#40ffffff</color>
    <color name="white_30_transparent">#4dffffff</color>
    <color name="white_40_transparent">#66ffffff</color>
    <color name="white_50_transparent">#80ffffff</color>
    <color name="white_55_transparent">#8cffffff</color>
    <color name="white_5_transparent">#0dffffff</color>
    <color name="white_60_transparent">#99ffffff</color>
    <color name="white_70_transparent">#b3ffffff</color>
    <color name="white_75_transparent">#bfffffff</color>
    <color name="white_80_transparent">#ccffffff</color>
    <color name="white_90_transparent">#e6ffffff</color>
    <color name="yellow_0">#fffffcf7</color>
    <color name="yellow_1">#fffff7e6</color>
    <color name="yellow_2">#ffffedc4</color>
    <color name="yellow_3">#ffffe2a4</color>
    <color name="yellow_4">#ffffd882</color>
    <color name="yellow_5">#fffdcb5c</color>
    <color name="yellow_6">#ffd2a031</color>
    <color name="yellow_7">#ffb07d0f</color>
    <color name="yellow_8">#ff795500</color>
    <color name="yellow_9">#ff563c00</color>
    <color name="zero_rating_data_banner_color">#ff262626</color>
    <color name="zero_rating_video_settings_drawer_cancel_button_color">#ff272727</color>
    <color name="zero_rating_video_settings_drawer_confirm_background_color">#ff3897f0</color>
    <color name="zero_rating_video_settings_drawer_confirm_button_color">#ffffffff</color>
    <color name="zero_rating_video_settings_drawer_subtitle_color">#ff999999</color>
    <color name="zero_rating_video_settings_drawer_unchecked_border_color">#ffdbdbdb</color>
</resources>
